{
  "version": "v20251125-003956",
  "generated_at": "2025-11-25T00:40:15.104148+00:00",
  "channelShares": [
    0.7324606358295835,
    0.11601953294783865,
    0.1515198312225777
  ],
  "intercept": 3.0036266646277543,
  "betas": [
    0.04568698323619096,
    0.18710115539462574,
    -0.0013345186578051504
  ],
  "metrics": {
    "linear": {
      "r2": 0.9556448835429345,
      "rmse": 1.1375970531385746,
      "mae": 0.9804127782434575,
      "cv_rmse": 1.6851629754929935,
      "best_params": {
        "model__fit_intercept": true
      },
      "test_r2": 0.8833059069893437,
      "test_rmse": 1.9429764890439114,
      "test_mae": 1.6072816808456039
    },
    "ridge": {
      "r2": 0.9556537719605539,
      "rmse": 1.1374830646620187,
      "mae": 0.9797633595826873,
      "cv_rmse": 1.685245980881907,
      "best_params": {
        "model__alpha": 0.1
      },
      "test_r2": 0.8832187463833127,
      "test_rmse": 1.9437019730551814,
      "test_mae": 1.6079517155828753
    },
    "lasso": {
      "r2": 0.9523062835458485,
      "rmse": 1.1796337220190654,
      "mae": 0.9797378619259222,
      "cv_rmse": 1.6766520492377892,
      "best_params": {
        "model__alpha": 0.1
      },
      "test_r2": 0.8822598804044782,
      "test_rmse": 1.9516653214112338,
      "test_mae": 1.614597377608519
    },
    "random_forest": {
      "r2": 0.9689506484242464,
      "rmse": 0.9517937834688647,
      "mae": 0.6961249999999941,
      "cv_rmse": 0.8985599982714533,
      "best_params": {
        "model__max_depth": null,
        "model__n_estimators": 400
      },
      "test_r2": 0.985316054749483,
      "test_rmse": 0.6892304993614283,
      "test_mae": 0.6144750000000088
    },
    "xgboost": {
      "r2": 0.9668207230914356,
      "rmse": 0.9838979483273295,
      "mae": 0.8262565612792969,
      "cv_rmse": 0.8992411198660971,
      "best_params": {
        "model__learning_rate": 0.05,
        "model__max_depth": 3
      },
      "test_r2": 0.983582454255597,
      "test_rmse": 0.7287813102745104,
      "test_mae": 0.6263604164123535
    },
    "linear_roi": {
      "r2": 0.6819618773127736,
      "rmse": 0.16127006428782334,
      "mae": 0.12353213221271657
    },
    "random_forest_roi": {
      "r2": 0.2851464326821427,
      "rmse": 0.24178130249809227,
      "mae": 0.08696381963710369
    }
  },
  "plots": {
    "correlation_heatmap": "plots/correlation_heatmap.png",
    "predicted_vs_actual": "plots/predicted_vs_actual.png",
    "residuals_hist": "plots/residuals_hist.png"
  },
  "price_per_unit": 10.0,
  "best_model": "random_forest"
}